id,first_name,last_name,user_name,password,time_inserted(d),time_inserted(t),confirmation_code,contact_email,contact_phone,address,city
1,Law,FitzGilbert,lfitzgilbert0,mQVXjMllza5,29/3/2018,10:52 AM,Sz2eJnmm,lfitzgilbert0@washington.edu,+86 (320) 528-0779,81967 Knutson Alley,Bukui
2,Ortensia,Rome,orome1,Hp7mNUKlt,29/10/2018,2:28 AM,RgFxOR8SSgfP,orome1@slate.com,+62 (329) 487-7153,91 Calypso Alley,Daja
3,Micheil,Hembrow,mhembrow2,ILPcSRor,21/7/2018,6:01 AM,feaLN3A,mhembrow2@e-recht24.de,+51 (778) 804-3213,08 Red Cloud Terrace,Asia
4,Gwenora,Rotherforth,grotherforth3,yLGOQZ,14/12/2018,3:56 AM,ylCvvJCigc,grotherforth3@desdev.cn,+86 (205) 629-8920,521 Mallory Center,Anqing
5,Robena,Kloster,rkloster4,xcToZt,22/9/2018,7:31 PM,R2cp6Q7W22,rkloster4@stumbleupon.com,+86 (644) 638-1207,620 Morrow Junction,Jinxiang
6,Grantley,Conrad,gconrad5,5Jdomwvu9bv,25/8/2018,10:15 AM,CObQLMp,gconrad5@columbia.edu,+224 (247) 208-2885,12166 Burrows Point,Nzérékoré
7,Terry,Mabe,tmabe6,5kKBntOZo,7/6/2018,1:34 AM,Ja9hmRJcv,tmabe6@nih.gov,+62 (841) 162-9127,10063 Arapahoe Hill,Dukoh
8,Gottfried,Acuna,gacuna7,Bsra6kM9v0z,30/11/2018,12:22 AM,eYVhgVdXH,gacuna7@who.int,+55 (303) 995-4713,70345 Scofield Circle,Barretos
9,Packston,Swatman,pswatman8,rSC6kaNQIB,19/1/2018,2:56 PM,1AK19h3uOOt,pswatman8@flavors.me,+86 (254) 995-9537,2 Brown Park,Shangtang
10,Joey,Torald,jtorald9,wgWUEF,7/12/2018,8:45 AM,5kykzcQhH,jtorald9@geocities.com,+86 (855) 689-2039,492 Browning Crossing,Beizhang
11,Pearle,Caughan,pcaughana,lBWTY0RDjIXo,26/3/2018,9:08 AM,IMJpE6B1G7,pcaughana@auda.org.au,+86 (968) 489-2349,8351 Charing Cross Lane,Xianghu
12,Lexi,Keers,lkeersb,If3rB7,14/5/2018,3:35 PM,xRZxSwilZDo7,lkeersb@google.com.au,+595 (409) 133-3125,41791 Dorton Alley,Naranjal
13,Vinita,Huxtable,vhuxtablec,cXL1Bjn,13/7/2018,8:08 PM,AuJryWbKliL,vhuxtablec@example.com,+86 (827) 586-7112,571 Summit Terrace,Yuannan
14,Robbin,Brigginshaw,rbrigginshawd,XhlTR9y,27/6/2018,6:04 PM,WkEKtX4LpTrI,rbrigginshawd@foxnews.com,+48 (749) 212-6569,88706 Union Point,Lublin
15,Stacia,Sute,ssutee,seuTFSLn1GSN,19/3/2018,10:47 AM,IgXRNz,ssutee@free.fr,+7 (129) 833-6524,088 Prairie Rose Crossing,Pogranichnyy
16,Shaylyn,Wolters,swoltersf,nuRwEwJMZbW,18/8/2018,1:00 AM,rKt6u8kM,swoltersf@taobao.com,+86 (301) 444-6143,2 Burning Wood Parkway,Daliang
17,Sadie,Arbuckel,sarbuckelg,SMVLF1M,10/11/2018,11:28 PM,12PwNBzlR,sarbuckelg@prlog.org,+57 (142) 840-7446,843 Graceland Point,Urrao
18,Cindi,Davidoff,cdavidoffh,eu0oW3,5/2/2018,5:56 PM,9xChBi0K8LO,cdavidoffh@nytimes.com,+216 (503) 407-4066,1 Bowman Terrace,Şaqānis
19,Christian,Probets,cprobetsi,ksDzmCMigAu,18/1/2018,9:32 PM,qyqFFZ2,cprobetsi@wikispaces.com,+7 (587) 985-5234,021 Mitchell Way,Razumnoye
20,Justis,Tasseler,jtasselerj,kDVmSbdPmS,4/6/2018,7:22 PM,XqICa8,jtasselerj@icio.us,+351 (687) 815-9355,40 Karstens Terrace,Pedro Miguel
21,Janis,Quaife,jquaifek,bn5ZwMt2,21/6/2018,9:26 AM,wyCuBR,jquaifek@deliciousdays.com,+98 (806) 612-3036,26 Iowa Point,Nūrābād
22,Merridie,Davidovicz,mdavidoviczl,lAiGYuAsMOQM,22/2/2018,12:27 PM,VLvV2w,mdavidoviczl@sohu.com,+375 (424) 450-3456,33450 Graedel Parkway,Lahoysk
23,Bernadette,Fann,bfannm,mdFirM0vAP,25/2/2018,7:40 PM,1wwWgmPf,bfannm@amazon.de,+7 (271) 275-7879,2081 Chive Lane,Panino
24,Gaynor,Tapsfield,gtapsfieldn,xn9pN27A,19/12/2018,1:15 PM,QRvxtdOH8P,gtapsfieldn@seattletimes.com,+252 (599) 618-4756,180 Magdeline Trail,Berbera
25,Margret,Raistrick,mraistricko,NCuLP0yay,14/9/2018,6:40 PM,7cXtOkqaj9,mraistricko@si.edu,+505 (965) 646-4441,1217 Pleasure Pass,San Juan de Limay
26,Rhianon,Wyche,rwychep,vRA68gTOQ,26/9/2018,10:38 PM,jvjST0n,rwychep@123-reg.co.uk,+63 (578) 132-3450,1162 Lukken Junction,San Benito
27,Maggee,Reyson,mreysonq,NIGzOcJ,1/2/2018,5:00 AM,cRSnO3,mreysonq@histats.com,+47 (610) 881-3807,4 Magdeline Trail,Trondheim
28,Orbadiah,Edge,oedger,zU3hrW5QiwAw,3/10/2018,10:25 PM,DFYDABR,oedger@princeton.edu,+7 (800) 817-7340,1 Harbort Junction,Nikolayevskaya
29,Steffen,Wraight,swraights,eUbPPBs1p,23/12/2018,3:54 PM,xDW7Yop,swraights@chicagotribune.com,+1 (149) 335-8692,94903 Garrison Pass,Cotuí
30,Danice,Aysh,daysht,ypcUskNP,19/4/2018,12:50 PM,kKRaOj,daysht@cbc.ca,+62 (659) 422-8507,3553 Mockingbird Road,Naifalo
31,Creigh,Diver,cdiveru,MfvorH,27/11/2018,2:28 AM,wD4a5Y,cdiveru@flickr.com,+7 (540) 590-6064,393 Valley Edge Circle,Yaransk
32,Bartlet,Turbill,bturbillv,U4hWY4m,30/6/2018,12:03 PM,vqQLsuWB2O,bturbillv@creativecommons.org,+976 (293) 468-7897,920 Jenifer Lane,Suugaant
33,Arlana,Cheltnam,acheltnamw,wbVAZiHZRCH,11/8/2018,7:05 AM,BEhyShgND,acheltnamw@buzzfeed.com,+51 (651) 846-2551,6124 Scoville Crossing,Lajas
34,Brett,Brien,bbrienx,mM2NQb,15/6/2018,3:43 AM,u3eisKJ0k,bbrienx@1688.com,+383 (964) 873-7714,9 Pine View Terrace,Strellc i Epërm
35,Fee,Cohani,fcohaniy,aFqpP12GhY1,11/5/2018,7:38 PM,oNlSNq,fcohaniy@state.gov,+7 (690) 875-6435,8664 Washington Circle,Kokterek
36,Licha,McNab,lmcnabz,yrrlyD,11/11/2018,8:34 AM,ENfiFD,lmcnabz@unc.edu,+353 (141) 165-3882,1447 Chinook Avenue,Charlesland
37,Arly,List,alist10,w4KGjHAs5tS,4/10/2018,3:47 PM,NL790h11,alist10@elegantthemes.com,+385 (733) 929-3728,3 Paget Way,Pregrada
38,Catina,John,cjohn11,6cPPqrFsK,16/2/2018,6:44 PM,KjfF8RwZC1,cjohn11@gov.uk,+81 (429) 527-8991,95 Shopko Junction,Shido
39,Janeta,Taggerty,jtaggerty12,KavKUM3LJab,15/7/2018,6:56 AM,pluEESz,jtaggerty12@com.com,+964 (169) 789-0279,4535 Forster Place,Mosul
40,Anna-maria,Brettor,abrettor13,SVPsm8,22/7/2018,9:33 PM,bphb4F0,abrettor13@nps.gov,+86 (757) 641-3152,1 Pennsylvania Terrace,Huiwan
41,Spencer,Beaudry,sbeaudry14,v3aEMyKgIh,30/5/2018,6:50 PM,C1GgY4nwRj,sbeaudry14@wikia.com,+1 (289) 444-1972,7675 Waxwing Avenue,La Agustina
42,Hillary,Petlyura,hpetlyura15,tPABJG,11/4/2018,1:26 PM,argHxQs,hpetlyura15@tinyurl.com,+62 (612) 783-7256,26561 Green Ridge Street,Pamarayan
43,Janaye,Feehery,jfeehery16,oO0K9V,6/8/2018,10:58 PM,O6SNLy75I,jfeehery16@java.com,+33 (263) 905-1077,80664 Claremont Place,Montluçon
44,Helenelizabeth,Pevie,hpevie17,jk97Xzrn0,6/5/2018,5:56 PM,CMOj3A4d2V,hpevie17@twitpic.com,+33 (203) 754-7891,85807 East Way,Montpellier
45,Corty,Feige,cfeige18,CZzgOHrUYkA2,4/7/2018,2:47 PM,AGyLZkuc0,cfeige18@vimeo.com,+53 (794) 264-8981,3 Corry Pass,Boyeros
46,Farleigh,Simmance,fsimmance19,gZpgIG,7/6/2018,8:10 PM,jEDw3pqN,fsimmance19@home.pl,+7 (668) 231-4514,7987 Veith Road,Pushkino
47,Tawnya,Teissier,tteissier1a,cfKOgs,4/11/2018,9:55 AM,eithcGB,tteissier1a@amazon.co.jp,+63 (470) 918-9464,834 Hagan Plaza,Mangusu
48,Rosalinde,Delete,rdelete1b,LlkvjJuW,19/12/2018,2:04 AM,iZc7nQp9,rdelete1b@sohu.com,+1 (927) 600-7852,8 Eagan Alley,Saint-Lin-Laurentides
49,Brandie,Farryn,bfarryn1c,dYlbYcMvmy,16/11/2018,3:40 AM,hk6fOls0,bfarryn1c@lulu.com,+86 (851) 598-4605,9801 Jackson Lane,Gangu Chengguanzhen
50,Hetti,Nancarrow,hnancarrow1d,obpRJu,28/11/2018,2:08 AM,56MWxO0DA,hnancarrow1d@bbc.co.uk,+505 (547) 726-1972,148 3rd Parkway,La Paz Centro
51,Ade,Jarret,ajarret1e,H1eEa8,8/7/2018,10:42 AM,Gssem0,ajarret1e@economist.com,+86 (799) 206-8860,9027 Barby Drive,Yashiga
52,Brittne,Endle,bendle1f,dnHdg9w,17/6/2018,12:07 PM,c2Y1sc,bendle1f@canalblog.com,+57 (157) 911-5918,13007 Eastlawn Hill,La Unión
53,Josselyn,Orneblow,jorneblow1g,Qw4c9pW8vknN,6/7/2018,4:41 PM,C5JottHszS6,jorneblow1g@cpanel.net,+998 (147) 594-9747,9 Jana Center,Kitob
54,Nananne,Athey,nathey1h,e19UYNp,14/10/2018,10:36 PM,f2ZnUDuTONv2,nathey1h@apache.org,+62 (516) 987-3009,52915 Thackeray Drive,Wewoloe
55,Veronique,McGeagh,vmcgeagh1i,TdbDdadyXpk,25/2/2018,5:24 AM,otyRjC9FFWF,vmcgeagh1i@gov.uk,+81 (247) 617-1358,06003 Fieldstone Pass,Muroran
56,Gaven,Junifer,gjunifer1j,MyqIfTLgvLj,7/5/2018,12:44 PM,3flJ7Sm1fAQA,gjunifer1j@huffingtonpost.com,+48 (702) 586-8633,47970 Carey Circle,Herby
57,Leon,Abthorpe,labthorpe1k,RxBgTjjyMG5,24/3/2018,8:47 AM,kS1lLOCFYGTZ,labthorpe1k@howstuffworks.com,+55 (222) 666-4222,726 Welch Road,Buri
58,Frances,Ambrogioni,fambrogioni1l,Wb5KXA,30/4/2018,6:51 AM,4UxpD86,fambrogioni1l@storify.com,+237 (847) 948-1153,71 Randy Drive,Obala
59,Daile,Corston,dcorston1m,dcsEfq,22/4/2018,6:59 AM,1jEfU2,dcorston1m@addthis.com,+355 (488) 566-2597,4 Crowley Hill,Patos Fshat
60,Allene,Creenan,acreenan1n,nywEGA,21/3/2018,4:53 PM,NSBCjjD0bw2,acreenan1n@apache.org,+66 (161) 705-2587,80 1st Parkway,Bang Mun Nak
61,Elvyn,Knowlys,eknowlys1o,ZDyI7mZN,26/7/2018,12:35 AM,iXZMaK,eknowlys1o@tripadvisor.com,+63 (694) 482-2414,686 Jackson Court,Salingogan
62,Dana,Tombleson,dtombleson1p,bAukaNAK,5/8/2018,7:33 AM,TOgIHw8IL,dtombleson1p@alibaba.com,+353 (845) 516-9810,826 Morningstar Pass,Clogherhead
63,Micheil,Fandrich,mfandrich1q,NuWCeQALv4e,1/11/2018,9:53 AM,oJ3V4tPjO9,mfandrich1q@elegantthemes.com,+86 (172) 615-2730,0 American Terrace,Duqiong
64,Say,Causnett,scausnett1r,9KgRpW,18/3/2018,11:28 AM,ryLbt5qGR,scausnett1r@deviantart.com,+86 (585) 957-7234,4013 Goodland Avenue,Zishan
65,Tan,Bartalin,tbartalin1s,YpmebZ,17/9/2018,12:06 PM,6S9G8K,tbartalin1s@tripadvisor.com,+375 (962) 296-4337,8534 Lake View Plaza,Turets-Bayary
66,Clio,Dowzell,cdowzell1t,BWLfSbUY,3/5/2018,7:33 AM,89uFEk,cdowzell1t@ocn.ne.jp,+53 (845) 913-6850,64944 Sunbrook Street,Nueva Gerona
67,Rosemary,Bowstead,rbowstead1u,AA2nqpNBbJbx,13/5/2018,3:47 PM,yqkZ0cL8TiZ,rbowstead1u@sitemeter.com,+51 (950) 286-5311,3 Shelley Parkway,Moquegua
68,Pooh,Flips,pflips1v,PRRxEhCVWis,25/12/2018,1:56 AM,focx7OHH,pflips1v@geocities.com,+86 (565) 310-4428,48583 Hudson Circle,Wentai
69,Fina,Brokenshaw,fbrokenshaw1w,ZcRM52Em,11/2/2018,4:45 PM,keHYL7LRK,fbrokenshaw1w@163.com,+47 (349) 553-1254,9254 Tony Plaza,Trondheim
70,Catherine,Veldman,cveldman1x,Qp8lWgrp,12/12/2018,7:18 AM,lNULG5f4,cveldman1x@sogou.com,+420 (494) 185-3573,5382 Ridgeview Junction,Rudolfov
71,Laird,Fermin,lfermin1y,Hx2L4qkdP6,31/1/2018,6:04 AM,kdEhSXhK,lfermin1y@ebay.co.uk,+972 (317) 398-5718,8 Park Meadow Plaza,Rumat Heib
72,Millard,Rainforth,mrainforth1z,3QcYQ4YWMskQ,16/9/2018,11:48 AM,jP9Jdg7q1,mrainforth1z@diigo.com,+374 (751) 870-7329,31801 Mallard Trail,Tsaghkunk’
73,Seth,Beckers,sbeckers20,7f2bpyrGKfJ,14/8/2018,11:13 AM,e9QSsAGWC4,sbeckers20@cbsnews.com,+1 (713) 817-1556,05 3rd Plaza,Houston
74,Carlotta,Tudball,ctudball21,Zgowhsum,4/6/2018,1:31 AM,NSzdQ3lo,ctudball21@oracle.com,+380 (145) 320-4514,04460 Maple Circle,Staryy Merchyk
75,Mandel,Aldhous,maldhous22,5Mllo9fegSQD,28/10/2018,4:10 AM,XRkx4nE1z,maldhous22@chicagotribune.com,+86 (144) 609-7681,29057 Kingsford Pass,Futang
76,Kathrine,Dine-Hart,kdinehart23,vuiC8g8nwElB,12/4/2018,2:40 PM,aOouvMgY,kdinehart23@bizjournals.com,+55 (834) 545-3972,581 Warbler Circle,Pirapora do Bom Jesus
77,Leonora,Rudman,lrudman24,f4kuLB4Rv,18/6/2018,3:46 PM,xQTKZmSIrkzN,lrudman24@themeforest.net,+86 (986) 767-8452,5809 Logan Circle,Yangxipu
78,Zarah,Jacqueme,zjacqueme25,BPpILR,21/11/2018,3:24 AM,BXygRBq1m,zjacqueme25@liveinternet.ru,+86 (559) 391-8816,83455 Lakewood Crossing,Zhaoqing
79,Darla,Pedri,dpedri26,5mg6KWYvJ7,24/4/2018,10:40 AM,SKnybI,dpedri26@bloglovin.com,+62 (843) 501-3505,4493 Annamark Trail,Cibojong
80,Cassandry,Corish,ccorish27,NJP4Xvxnrv6,5/4/2018,5:47 AM,q16pRkTtmTb,ccorish27@kickstarter.com,+86 (556) 561-7095,0 Karstens Crossing,Tumba
81,Bonnee,Brettelle,bbrettelle28,DWtF2Xy2,1/12/2018,8:21 AM,wflWX69v,bbrettelle28@constantcontact.com,+62 (882) 753-3849,592 Blackbird Alley,Sukamaju
82,Hannah,Leadbeatter,hleadbeatter29,uk67ZqghKbW,4/9/2018,10:17 AM,SVGMoV0TLF5b,hleadbeatter29@homestead.com,+970 (312) 245-8210,6 Becker Center,Dūrā al Qar‘
83,Kathryn,Dressel,kdressel2a,iwzAe7,30/8/2018,1:13 AM,RoEY7qafo,kdressel2a@clickbank.net,+380 (256) 814-9813,85 Cottonwood Terrace,Bilyayivka
84,Vinnie,Tomich,vtomich2b,8OOcDyLVgO,10/8/2018,9:06 AM,U4upoOuj93Y,vtomich2b@blinklist.com,+57 (545) 723-4373,9 Victoria Center,Los Andes
85,Roxanna,Robrose,rrobrose2c,FX699m4os,24/5/2018,6:47 PM,9LaKBOHcuM,rrobrose2c@php.net,+220 (971) 169-5654,96013 Park Meadow Road,Abuko
86,Deeann,Von Salzberg,dvonsalzberg2d,4KDlrWvT5,8/1/2018,3:57 AM,QvLVBn7Wg5O7,dvonsalzberg2d@paypal.com,+49 (132) 437-8649,91443 Basil Hill,Berlin
87,Beniamino,Goare,bgoare2e,lg3QJT,21/2/2018,7:03 AM,YRq3R7,bgoare2e@msn.com,+7 (830) 729-8708,9313 Kedzie Trail,Yurino
88,Carey,Bonellie,cbonellie2f,uNRmwS,8/8/2018,9:27 AM,HPE4s1waNg0,cbonellie2f@va.gov,+62 (706) 163-8473,96 Hanson Park,Mimbaan Timur
89,Goldi,Kidner,gkidner2g,57MUa1JVHpD,14/1/2018,7:47 PM,vZPA5ONm,gkidner2g@reference.com,+690 (639) 496-1196,2 Logan Crossing,Fale old settlement
90,Ring,Ximenez,rximenez2h,1HD40wUwhDsb,1/3/2018,5:43 PM,gw4J0co,rximenez2h@netvibes.com,+55 (481) 370-2891,7422 Sachtjen Lane,Jacutinga
91,Mersey,Scrange,mscrange2i,v62JryUmm,6/5/2018,5:03 AM,ULoPlW0uWBUj,mscrange2i@msn.com,+680 (265) 962-9290,6295 Prentice Way,Ngetkib
92,Bogart,Izchaki,bizchaki2j,dqa6j3,11/9/2018,1:16 AM,Kv7NV71,bizchaki2j@weather.com,+389 (818) 865-6901,5 Bashford Avenue,Kisela Voda
93,Ardelia,Regardsoe,aregardsoe2k,oYx6hhTVY,9/4/2018,4:40 PM,Zkepv1WIn,aregardsoe2k@umich.edu,+86 (977) 844-7095,0 Eastwood Lane,Wufeng
94,Armin,Yesipov,ayesipov2l,voC7AOXTF,3/5/2018,3:06 AM,9owGfJp,ayesipov2l@thetimes.co.uk,+86 (460) 403-9059,1 Harbort Parkway,Daqian
95,Allix,Whittlesea,awhittlesea2m,RqK8Jg,25/4/2018,11:18 AM,zHqScEI,awhittlesea2m@patch.com,+86 (345) 293-1833,5 Cambridge Point,Chaoyang
96,Laural,O'Connell,loconnell2n,7HqI5rN,21/3/2018,3:07 PM,EhS2Dljl,loconnell2n@networkadvertising.org,+48 (239) 420-2413,38659 Grover Parkway,Sosnówka
97,Ninetta,Bendle,nbendle2o,TX3ythK0hWFM,11/1/2018,8:34 AM,wwYnmon48,nbendle2o@storify.com,+212 (876) 547-2970,3635 Loomis Crossing,Adassil
98,Rhys,Creyke,rcreyke2p,VeSPcM,17/5/2018,2:46 PM,0ZtwvXVS4,rcreyke2p@wordpress.org,+58 (404) 950-5154,7 Kinsman Center,El Corozo
99,Baxter,Orhtmann,borhtmann2q,QyPrCt,30/6/2018,11:00 PM,WNQ7M71Mbpi9,borhtmann2q@bloglovin.com,+62 (280) 392-8200,176 Evergreen Trail,Pasuruan
100,Kaitlynn,Venny,kvenny2r,JRJvtlj,29/10/2018,3:40 AM,NMdE7kS8YN,kvenny2r@soundcloud.com,+84 (955) 159-5891,98 Miller Center,Tân Hưng
